width,floor,arm,shape,seed,windows_scored,accounts_distinct,account_windows,accounts_median,communities,communities_median,shown_account_windows,largest_community,windows,seconds,rss_mb,wall_s,day,window,present,recall,precision,fragments,community_rank,communities_in_window,burn_in
day,20,real,,0,57.0,1164.0,2669.0,45.0,173.0,4.0,2157.0,79.0,59,4.4,457,6.1,,,,,,,,,
day,20,plant,light,0,,,,,,,,,1,6.1,415,7.1,2026-07-29,2026-07-29,0.0,0.0,0.0,0.0,,0.0,
day,20,plant,light,1,,,,,,,,,1,6.4,367,7.2,2026-09-08,2026-09-08,0.0,0.0,0.0,0.0,,4.0,
day,20,plant,light,2,,,,,,,,,1,6.1,420,7.2,2026-08-21,2026-08-21,0.0,0.0,0.0,0.0,,0.0,
day,20,plant,heavy,0,,,,,,,,,1,6.3,391,7.2,2026-07-29,2026-07-29,0.0,0.0,0.0,0.0,,0.0,
day,20,plant,heavy,1,,,,,,,,,1,6.2,407,7.2,2026-09-08,2026-09-08,0.1,0.1,1.0,1.0,,4.0,
day,20,plant,heavy,2,,,,,,,,,1,6.1,419,7.2,2026-08-21,2026-08-21,0.0,0.0,0.0,0.0,,0.0,
day,10,real,,0,59.0,2066.0,5261.0,90.0,286.0,6.0,4406.0,91.0,59,4.5,380,6.1,,,,,,,,,
day,10,plant,light,0,,,,,,,,,1,6.0,427,7.2,2026-07-29,2026-07-29,0.0,0.0,0.0,0.0,,0.0,
day,10,plant,light,1,,,,,,,,,1,6.0,420,7.2,2026-09-08,2026-09-08,0.0,0.0,0.0,0.0,,8.0,
day,10,plant,light,2,,,,,,,,,1,5.9,383,7.2,2026-08-21,2026-08-21,0.16666666666666666,0.16666666666666666,1.0,1.0,,0.0,
day,10,plant,heavy,0,,,,,,,,,1,6.0,399,7.2,2026-07-29,2026-07-29,0.95,0.35,1.0,3.0,1.0,3.0,
day,10,plant,heavy,1,,,,,,,,,1,6.0,424,7.1,2026-09-08,2026-09-08,1.0,1.0,1.0,1.0,1.0,5.0,
day,10,plant,heavy,2,,,,,,,,,1,6.0,420,7.2,2026-08-21,2026-08-21,0.8,0.3,1.0,3.0,1.0,3.0,
day,5,real,,0,59.0,3110.0,9067.0,151.0,432.0,7.0,7841.0,102.0,59,4.7,433,6.1,,,,,,,,,
day,5,plant,light,0,,,,,,,,,1,6.1,419,7.1,2026-07-29,2026-07-29,0.75,0.75,1.0,1.0,1.0,1.0,
day,5,plant,light,1,,,,,,,,,1,6.1,417,7.2,2026-09-08,2026-09-08,0.9166666666666666,0.9166666666666666,1.0,1.0,2.0,9.0,
day,5,plant,light,2,,,,,,,,,1,6.3,412,7.2,2026-08-21,2026-08-21,0.8333333333333334,0.8333333333333334,1.0,1.0,1.0,2.0,
day,5,plant,heavy,0,,,,,,,,,1,6.4,338,7.2,2026-07-29,2026-07-29,1.0,0.4,1.0,3.0,1.0,3.0,
day,5,plant,heavy,1,,,,,,,,,1,6.0,403,7.1,2026-09-08,2026-09-08,1.0,1.0,1.0,1.0,1.0,7.0,
day,5,plant,heavy,2,,,,,,,,,1,5.9,446,7.2,2026-08-21,2026-08-21,1.0,0.5,1.0,2.0,2.0,3.0,
day,3,real,,0,59.0,4456.0,13233.0,206.0,561.0,9.0,11657.0,189.0,59,5.2,448,6.1,,,,,,,,,
day,3,plant,light,0,,,,,,,,,1,6.0,424,7.2,2026-07-29,2026-07-29,1.0,1.0,1.0,1.0,1.0,1.0,
day,3,plant,light,1,,,,,,,,,1,5.9,444,7.2,2026-09-08,2026-09-08,1.0,1.0,1.0,1.0,4.0,10.0,
day,3,plant,light,2,,,,,,,,,1,5.8,469,7.2,2026-08-21,2026-08-21,1.0,1.0,1.0,1.0,1.0,6.0,
day,3,plant,heavy,0,,,,,,,,,1,5.8,443,7.1,2026-07-29,2026-07-29,1.0,1.0,1.0,1.0,1.0,1.0,
day,3,plant,heavy,1,,,,,,,,,1,5.8,468,7.2,2026-09-08,2026-09-08,1.0,1.0,1.0,1.0,1.0,11.0,
day,3,plant,heavy,2,,,,,,,,,1,5.9,445,7.1,2026-08-21,2026-08-21,1.0,1.0,1.0,1.0,1.0,2.0,
day,2,real,,0,59.0,6532.0,18795.0,279.0,698.0,12.0,16917.0,295.0,59,5.3,474,6.1,,,,,,,,,
day,2,plant,light,0,,,,,,,,,1,5.8,453,7.1,2026-07-29,2026-07-29,1.0,1.0,1.0,1.0,1.0,7.0,
day,2,plant,light,1,,,,,,,,,1,5.8,458,7.2,2026-09-08,2026-09-08,1.0,1.0,1.0,1.0,5.0,17.0,
day,2,plant,light,2,,,,,,,,,1,6.3,368,7.2,2026-08-21,2026-08-21,1.0,1.0,1.0,1.0,1.0,6.0,
day,2,plant,heavy,0,,,,,,,,,1,6.2,419,7.2,2026-07-29,2026-07-29,1.0,1.0,1.0,1.0,1.0,3.0,
day,2,plant,heavy,1,,,,,,,,,1,6.1,409,7.2,2026-09-08,2026-09-08,1.0,1.0,1.0,1.0,1.0,17.0,
day,2,plant,heavy,2,,,,,,,,,1,6.2,424,7.2,2026-08-21,2026-08-21,1.0,1.0,1.0,1.0,1.0,2.0,
week,20,real,,0,8.0,2596.0,3585.0,444.5,108.0,14.0,3100.0,191.0,8,3.6,385,4.1,,,,,,,,,
week,20,plant,light,0,,,,,,,,,1,6.0,456,7.1,2026-07-29,2026-07-27,0.0,0.0,0.0,0.0,,16.0,
week,20,plant,light,1,,,,,,,,,1,6.5,415,7.2,2026-09-08,2026-09-07,0.0,0.0,0.0,0.0,,13.0,
week,20,plant,light,2,,,,,,,,,1,6.2,425,7.1,2026-08-21,2026-08-17,0.0,0.0,0.0,0.0,,11.0,
week,20,plant,heavy,0,,,,,,,,,1,5.9,465,7.2,2026-07-29,2026-07-27,0.0,0.0,0.0,0.0,,16.0,
week,20,plant,heavy,1,,,,,,,,,1,6.2,409,7.2,2026-09-08,2026-09-07,0.1,0.1,1.0,1.0,,14.0,
week,20,plant,heavy,2,,,,,,,,,1,6.1,434,7.1,2026-08-21,2026-08-17,0.0,0.0,0.0,0.0,,11.0,
week,20,null,,0,8.0,5177.0,6363.0,815.5,90.0,11.5,6354.0,216.0,8,58.6,493,60.2,,,,,,,,,100.0
week,10,real,,0,8.0,3423.0,5386.0,694.5,116.0,14.0,4717.0,471.0,8,4.0,485,5.1,,,,,,,,,
week,10,plant,light,0,,,,,,,,,1,6.3,413,7.1,2026-07-29,2026-07-27,0.0,0.0,0.0,0.0,,13.0,
week,10,plant,light,1,,,,,,,,,1,6.4,425,7.1,2026-09-08,2026-09-07,0.0,0.0,0.0,0.0,,7.0,
week,10,plant,light,2,,,,,,,,,1,6.2,377,7.2,2026-08-21,2026-08-17,0.16666666666666666,0.16666666666666666,1.0,1.0,,14.0,
week,10,plant,heavy,0,,,,,,,,,1,6.2,375,7.1,2026-07-29,2026-07-27,1.0,1.0,0.8,1.0,3.0,14.0,
week,10,plant,heavy,1,,,,,,,,,1,6.4,427,7.2,2026-09-08,2026-09-07,1.0,1.0,1.0,1.0,3.0,11.0,
week,10,plant,heavy,2,,,,,,,,,1,6.4,333,7.2,2026-08-21,2026-08-17,1.0,1.0,1.0,1.0,1.0,8.0,
week,10,null,,0,8.0,6548.0,9312.0,1213.0,113.0,14.0,9274.0,296.0,8,63.5,484,64.3,,,,,,,,,100.0
week,5,real,,0,8.0,3989.0,7384.0,915.0,125.0,13.5,6702.0,338.0,8,4.8,505,6.1,,,,,,,,,
week,5,plant,light,0,,,,,,,,,1,6.1,415,7.1,2026-07-29,2026-07-27,0.75,0.75,1.0,1.0,9.0,23.0,
week,5,plant,light,1,,,,,,,,,1,6.4,415,7.1,2026-09-08,2026-09-07,0.9166666666666666,0.9166666666666666,1.0,1.0,8.0,10.0,
week,5,plant,light,2,,,,,,,,,1,6.1,433,7.2,2026-08-21,2026-08-17,0.9166666666666666,0.9166666666666666,1.0,1.0,1.0,13.0,
week,5,plant,heavy,0,,,,,,,,,1,6.3,399,7.2,2026-07-29,2026-07-27,1.0,1.0,1.0,1.0,2.0,21.0,
week,5,plant,heavy,1,,,,,,,,,1,6.5,428,7.1,2026-09-08,2026-09-07,1.0,1.0,1.0,1.0,8.0,12.0,
week,5,plant,heavy,2,,,,,,,,,1,6.0,432,7.1,2026-08-21,2026-08-17,1.0,1.0,1.0,1.0,1.0,10.0,
week,5,null,,0,8.0,8343.0,13559.0,1771.0,125.0,15.0,13506.0,501.0,8,61.9,500,63.3,,,,,,,,,100.0
week,3,real,,0,8.0,5238.0,10487.0,1284.5,139.0,15.5,9977.0,283.0,8,5.1,515,6.1,,,,,,,,,
week,3,plant,light,0,,,,,,,,,1,6.1,435,7.2,2026-07-29,2026-07-27,1.0,1.0,0.9230769230769231,1.0,10.0,15.0,
week,3,plant,light,1,,,,,,,,,1,6.7,503,8.2,2026-09-08,2026-09-07,1.0,1.0,1.0,1.0,15.0,18.0,
week,3,plant,light,2,,,,,,,,,1,6.2,424,7.2,2026-08-21,2026-08-17,1.0,1.0,1.0,1.0,1.0,15.0,
week,3,plant,heavy,0,,,,,,,,,1,6.1,435,7.2,2026-07-29,2026-07-27,1.0,1.0,0.9090909090909091,1.0,3.0,15.0,
week,3,plant,heavy,1,,,,,,,,,1,6.5,451,7.2,2026-09-08,2026-09-07,1.0,1.0,1.0,1.0,12.0,16.0,
week,3,plant,heavy,2,,,,,,,,,1,6.0,438,7.1,2026-08-21,2026-08-17,1.0,1.0,1.0,1.0,1.0,13.0,
week,3,null,,0,8.0,10678.0,18708.0,2317.5,144.0,18.0,18556.0,1024.0,8,58.4,515,59.2,,,,,,,,,100.0
week,2,real,,0,8.0,7977.0,16092.0,2103.0,167.0,20.0,15440.0,461.0,8,6.1,536,7.2,,,,,,,,,
week,2,plant,light,0,,,,,,,,,1,6.1,461,7.2,2026-07-29,2026-07-27,1.0,1.0,0.9230769230769231,1.0,13.0,23.0,
week,2,plant,light,1,,,,,,,,,1,6.6,412,7.2,2026-09-08,2026-09-07,1.0,1.0,1.0,1.0,16.0,22.0,
week,2,plant,light,2,,,,,,,,,1,6.0,416,7.1,2026-08-21,2026-08-17,1.0,1.0,1.0,1.0,2.0,20.0,
week,2,plant,heavy,0,,,,,,,,,1,6.1,457,7.2,2026-07-29,2026-07-27,1.0,1.0,1.0,1.0,7.0,16.0,
week,2,plant,heavy,1,,,,,,,,,1,6.8,534,8.2,2026-09-08,2026-09-07,1.0,1.0,1.0,1.0,16.0,21.0,
week,2,plant,heavy,2,,,,,,,,,1,5.9,452,7.1,2026-08-21,2026-08-17,1.0,1.0,1.0,1.0,1.0,17.0,
week,2,null,,0,8.0,13614.0,24578.0,3022.5,157.0,19.5,24254.0,1255.0,8,58.7,494,60.3,,,,,,,,,100.0
day,20,null,,0,58.0,3572.0,5734.0,124.0,288.0,7.0,5552.0,50.0,59,70.5,451,71.7,,,,,,,,,100.0
day,10,null,,0,59.0,5311.0,10582.0,189.0,412.0,8.0,10356.0,58.0,59,70.9,446,71.7,,,,,,,,,100.0
day,5,null,,0,59.0,6839.0,17745.0,325.0,592.0,10.0,17457.0,88.0,59,73.6,482,74.8,,,,,,,,,100.0
day,3,null,,0,59.0,8771.0,25605.0,420.0,709.0,12.0,25114.0,121.0,59,73.9,475,74.8,,,,,,,,,100.0
day,2,null,,0,59.0,11496.0,34613.0,590.0,835.0,14.0,33612.0,163.0,59,74.2,492,74.8,,,,,,,,,100.0
