platform_post_id,author_handle,label,p_offensive,p_hate,hate_flag,lexicon_hits,lexicon_categories,fp_risk,engagement,text
2078971392880463966,cfc_kany,neither,0.12828506529331207,0.0016847437946125865,False,['fukuza'],['expulsion'],high,356,"RT @Naomikibandi: Gachagua in Kirinyaga rally right now.
Fukuza Ruto https://t.co/pQm5dCDGo9"
2078970380715180255,Breany_22,neither,0.12828506529331207,0.0016847437946125865,False,['fukuza'],['expulsion'],high,356,"RT @Naomikibandi: Gachagua in Kirinyaga rally right now.
Fukuza Ruto https://t.co/pQm5dCDGo9"
2078962474527715636,BobOtienoOwino,neither,0.12828506529331207,0.0016847437946125865,False,['fukuza'],['expulsion'],high,344,"RT @Naomikibandi: Gachagua in Kirinyaga rally right now.
Fukuza Ruto https://t.co/pQm5dCDGo9"
2078954239263478219,JosephM57666705,neither,0.12828506529331207,0.0016847437946125865,False,['fukuza'],['expulsion'],high,338,"RT @Naomikibandi: Gachagua in Kirinyaga rally right now.
Fukuza Ruto https://t.co/pQm5dCDGo9"
2078935956401402225,4lvo_,neither,0.12828506529331207,0.0016847437946125865,False,['fukuza'],['expulsion'],high,329,"RT @Naomikibandi: Gachagua in Kirinyaga rally right now.
Fukuza Ruto https://t.co/pQm5dCDGo9"
2078887984238092308,Kwisao19,neither,0.12828506529331207,0.0016847437946125865,False,['fukuza'],['expulsion'],high,255,"RT @Naomikibandi: Gachagua in Kirinyaga rally right now.
Fukuza Ruto https://t.co/pQm5dCDGo9"
2073893630524150080,denobrooks_,neither,0.3516002297401428,0.0020730094984173775,False,['fukuza'],['expulsion'],high,0,@EvanoMemba @HonKangata Sisi watu wa murang’a tuko sawa. Infact ame overwork sana. So we sent him to join the Linda wananchi team ndio tufukuze kasongo vizuri. You should mind what your governor is doing or has done and leave murang’a business alone.
2073307399293636953,NeShienu,neither,0.36321359872817993,0.0022774431854486465,False,['fukuza'],['expulsion'],high,13,"Junet: I thought Huyu Sifuna Mambo yake tulikua tunamalizia pale Bunge Kumbe Tunamjenga

Arati: Jana Alivuruga  Zaidii kwa bedroom ....Nilijaribu Goons lakini wapi

Matiangi :Mimi sioni Shida kwa Sifuna, SI ata alinisifu?

Junet: Simba, Ama Tufukuze Oburu ODM Tueke Sifuna party leader?

Arati:Mamuuúuuuuuuu..

Matiangi: Abujubuju.......☺️"
2078816081481740525,Naomikibandi,neither,0.2726808488368988,0.002354775322601199,False,['fukuza'],['expulsion'],high,1929,"Gachagua in Kirinyaga rally right now.
Fukuza Ruto https://t.co/pQm5dCDGo9"
2079575271426973768,Kamadeez,neither,0.09617318958044052,0.002705301158130169,False,['fukuza'],['expulsion'],high,179,"RT @Naomikibandi: ""2027 Election is time to tell Ruto,awache madharau na atuheshimu,fukuzeni yeye tutafukuza yeye mapema kuliko Olkalao”-Kiambu Governor Kimani Wamatangi https://t.co/mD1i0BMYAn"
2079575960047731145,eryc_C,neither,0.09617318958044052,0.002705301158130169,False,['fukuza'],['expulsion'],high,179,"RT @Naomikibandi: ""2027 Election is time to tell Ruto,awache madharau na atuheshimu,fukuzeni yeye tutafukuza yeye mapema kuliko Olkalao”-Kiambu Governor Kimani Wamatangi https://t.co/mD1i0BMYAn"
2079574703694356633,Bwatuti1,neither,0.09617318958044052,0.002705301158130169,False,['fukuza'],['expulsion'],high,179,"RT @Naomikibandi: ""2027 Election is time to tell Ruto,awache madharau na atuheshimu,fukuzeni yeye tutafukuza yeye mapema kuliko Olkalao”-Kiambu Governor Kimani Wamatangi https://t.co/mD1i0BMYAn"
2079519991381053491,Mapangala6,neither,0.09617318958044052,0.002705301158130169,False,['fukuza'],['expulsion'],high,103,"RT @Naomikibandi: ""2027 Election is time to tell Ruto,awache madharau na atuheshimu,fukuzeni yeye tutafukuza yeye mapema kuliko Olkalao”-Kiambu Governor Kimani Wamatangi https://t.co/mD1i0BMYAn"
2079519337073832314,RUFUSNgangaGonz,neither,0.09617318958044052,0.002705301158130169,False,['fukuza'],['expulsion'],high,103,"RT @Naomikibandi: ""2027 Election is time to tell Ruto,awache madharau na atuheshimu,fukuzeni yeye tutafukuza yeye mapema kuliko Olkalao”-Kiambu Governor Kimani Wamatangi https://t.co/mD1i0BMYAn"
2079521324792201382,OGBaccubla,neither,0.09617318958044052,0.002705301158130169,False,['fukuza'],['expulsion'],high,103,"RT @Naomikibandi: ""2027 Election is time to tell Ruto,awache madharau na atuheshimu,fukuzeni yeye tutafukuza yeye mapema kuliko Olkalao”-Kiambu Governor Kimani Wamatangi https://t.co/mD1i0BMYAn"
2079520727686934964,StanleyK82675,neither,0.09617318958044052,0.002705301158130169,False,['fukuza'],['expulsion'],high,103,"RT @Naomikibandi: ""2027 Election is time to tell Ruto,awache madharau na atuheshimu,fukuzeni yeye tutafukuza yeye mapema kuliko Olkalao”-Kiambu Governor Kimani Wamatangi https://t.co/mD1i0BMYAn"
2079520304238367059,JayPaulKe,neither,0.09617318958044052,0.002705301158130169,False,['fukuza'],['expulsion'],high,103,"RT @Naomikibandi: ""2027 Election is time to tell Ruto,awache madharau na atuheshimu,fukuzeni yeye tutafukuza yeye mapema kuliko Olkalao”-Kiambu Governor Kimani Wamatangi https://t.co/mD1i0BMYAn"
2079520078438019090,johnmburu737052,neither,0.09617318958044052,0.002705301158130169,False,['fukuza'],['expulsion'],high,103,"RT @Naomikibandi: ""2027 Election is time to tell Ruto,awache madharau na atuheshimu,fukuzeni yeye tutafukuza yeye mapema kuliko Olkalao”-Kiambu Governor Kimani Wamatangi https://t.co/mD1i0BMYAn"
2079521534855492004,nonicky,neither,0.09617318958044052,0.002705301158130169,False,['fukuza'],['expulsion'],high,103,"RT @Naomikibandi: ""2027 Election is time to tell Ruto,awache madharau na atuheshimu,fukuzeni yeye tutafukuza yeye mapema kuliko Olkalao”-Kiambu Governor Kimani Wamatangi https://t.co/mD1i0BMYAn"
2079520514985410711,Abdigutu7,neither,0.09617318958044052,0.002705301158130169,False,['fukuza'],['expulsion'],high,103,"RT @Naomikibandi: ""2027 Election is time to tell Ruto,awache madharau na atuheshimu,fukuzeni yeye tutafukuza yeye mapema kuliko Olkalao”-Kiambu Governor Kimani Wamatangi https://t.co/mD1i0BMYAn"
2075904980846866680,ntvkenya,neither,0.24963276088237762,0.002991324057802558,False,['nyoka'],['dehumanisation'],high,5,"Toto na Tetesi: Nyoka wahangaisha wachezaji kombe la dunia.

#MikikiMikiki @totoarege https://t.co/skjWtz4gYM"
2075645107739447414,Kuilean1,neither,0.24468576908111572,0.0032812519930303097,False,['nyoka'],['dehumanisation'],high,1,"@_KithureKindiki Yangu Iko, but nyoka na mayai yake lazima iende"
2073880519943524811,Real_Ashman,neither,0.4455161392688751,0.004009388852864504,False,['mende'],['dehumanisation'],high,3,@abbiezuena Hii ndio tunataka. Kaende Kaende ...Kifo Cha Mende hio siku itakua lit 🔥.  Tackles za Sifuna na chocha kaongo. Ayam ready for debate 😎
2078521912050004172,Maryian96,neither,0.2725866734981537,0.004152505658566952,False,['fukuza'],['expulsion'],high,205,"Ladies and Gentlemen The list of Mt. Kenya tūkūnias is finally out.
WASALITI WOTE! FAGIA….!!! 
can you see your Mp name here? huyo fukuza asubuhi before ukunywe chai 2027 sawa?
Gikaria -Nakuru East
Peter Kihungi -Kangema
Mark Mureithi Mwenje -Embakasi West
Kwenya Thuku – Kinangop
Mary Maingi – Mwea
George Gachagua – Ndaragwa
Kimani Ichung'wah – Kikuyu
Mwangi Kiunjuri – Laikipia East
Eric Wamumbi – Mathira
JohnFGathoni Wamuchomba– Githunguri
Duncan Mathenge – Nyeri Town
Michael Muchira – Ol Joro Orok
Faith Gitau – Nyandarua Woman Rep
Joseph Gitari – Kirinyaga Central
Alice Ng'ang'a – Thika Town
Mburu Kahangara – Lari
John Kiragu – Limuru
Githua Wamacukuru – Kabete
John Wanjiku – Kiambaa
Ann Muratha – Kiambu Woman Rep
Njoroge Kururia – Gatundu North
Gabriel Kagombe – Gatundu South
Simon King'ara – Ruiru
Machua Waithaka – Kiambu Town
Betty Maina – Murang'a Woman Rep
Edwin Mugo – Mathioya
Kimani Kuria – Molo
Samuel Gachobe – Subukia
Irene Njoki – Bahati
Charity Kathambi – Njoro
John Kiarie – Dagoretti South
Michael Wambugu – Othaya
David Gikaria – Nakuru Town East
George Kariuki – Ndia
Robert Gichimu – Gichugu
Ronald Karauri – Kasarani
Antony Wainaina – Kieni
Rahab Mukami – Nyeri Woman"
2075656598563811579,eliudlast,neither,0.3663889467716217,0.004914802964776754,False,['nyoka'],['dehumanisation'],high,1,@Kuilean1 @_KithureKindiki Nyoka ni gachagua na wamunyoro retards ... Tutam
2075513308401062059,citizentvkenya,neither,0.15320798754692078,0.006044801324605942,False,['nyoka'],['dehumanisation'],high,0,"Tiba ya sumu ya nyoka:

Kaunti ya Kirinyaga yaweka mikakati ya kuunda dawa

Maeneo mengi ya Kirinyaga yana nyoka wengi mno

#SemaNaCitizen https://t.co/yZegsHRXZL"
2079455488652005880,Naomikibandi,neither,0.32055503129959106,0.007650637533515692,False,['fukuza'],['expulsion'],high,611,"""2027 Election is time to tell Ruto,awache madharau na atuheshimu,fukuzeni yeye tutafukuza yeye mapema kuliko Olkalao”-Kiambu Governor Kimani Wamatangi https://t.co/mD1i0BMYAn"
2077048080159899669,Ismaelistic,neither,0.33395466208457947,0.008320590481162071,False,['nyoka'],['dehumanisation'],high,0,"Hii kenya ikipata opposition leader kama Ruto na rais kama sifuna ....hii kenya ita nyoka..

I support Ruto to be the best opposition leader...tuone wamunyoro anafanya kazi gani"
2074429672331329726,RealkingKE,neither,0.33036962151527405,0.008321628905832767,False,['fukuza'],['expulsion'],high,0,"@Kenyans During a by election in Mt Kenya wana pewa boats, wana wekewa stima, bara bara tarmac, a full complete Meko ile ya 6k wana uziwa 1500. Na on top 5,000 each ukipatana na wama egg akitembea. Huko Kasipul walikua wana pewa rungu na panga wafukuzane. Is that fair ?😂😂"
2076123001930608885,gich_boy,neither,0.4050341546535492,0.010121501982212067,False,['nyoka'],['dehumanisation'],high,0,@thekognitive @Abdikadirmba008 how and it is dcp strong hold? DCP ndo ikishindwa wafunge virago. nikama UDA inataka kuua nyoka kwa kupiga kichwa
2075307422114099464,George35878570,neither,0.35615143179893494,0.02399064600467682,False,['fukuza'],['expulsion'],high,0,"@scherargei No sensible politician celebrates losing a single vote. Every votes counts. Fukuza mlima,fukuza sifuna"
2074404610526085598,EricMarcos254,neither,0.4270683526992798,0.06932667642831802,False,['nyoka'],['dehumanisation'],high,1,@Georgeruto001 tunaua nyoka na mayai yake huku mlimani
2074725111563747578,someemwandoe,neither,0.13983696699142456,0.0009521119063720107,False,['41_vs_1'],['othering'],low,1,@BoboWamboiKuria Hii nayo mkijaribu 41  vs 1 will be a reality ni hayo kwa sasa
2074188680307056915,Broadbasedgal,neither,0.173347607254982,0.0010636723600327969,False,['watajua_hawajui'],['veiled_threat'],low,5,"NA Speaker Moses Wetangula has issued a 48-hour demand to Standard Group over a front-page story titled Broad-based family, calling it false and defamatory 

Through his lawyers, Wetangula wants the publication withdrawn, an apology published on the front page, the online story pulled down, and compensation negotiations to begin, failing which he says he will sue 

Standard wamepatikana. Watajua hawajui"
2078978571695952245,Seth_Sesu,neither,0.15175677835941315,0.0017015989869832993,False,['watajua_hawajui'],['veiled_threat'],low,47,"RT @ItsNayombe: Publicly admitting how they were bribing Ol Kalou Voters, but IEBC are silent this.

Western things have shifted watajua hawajui https://t.co/Z7wnGjIjIP"
2078965554543493274,MPKinyanjui,neither,0.15175677835941315,0.0017015989869832993,False,['watajua_hawajui'],['veiled_threat'],low,46,"RT @ItsNayombe: Publicly admitting how they were bribing Ol Kalou Voters, but IEBC are silent this.

Western things have shifted watajua hawajui https://t.co/Z7wnGjIjIP"
2078957351286223296,OGAYE2025,neither,0.15175677835941315,0.0017015989869832993,False,['watajua_hawajui'],['veiled_threat'],low,44,"RT @ItsNayombe: Publicly admitting how they were bribing Ol Kalou Voters, but IEBC are silent this.

Western things have shifted watajua hawajui https://t.co/Z7wnGjIjIP"
2078925993981489196,ngaruiya68,neither,0.15175677835941315,0.0017015989869832993,False,['watajua_hawajui'],['veiled_threat'],low,42,"RT @ItsNayombe: Publicly admitting how they were bribing Ol Kalou Voters, but IEBC are silent this.

Western things have shifted watajua hawajui https://t.co/Z7wnGjIjIP"
2078923174033432580,WatengaKelly,neither,0.15175677835941315,0.0017015989869832993,False,['watajua_hawajui'],['veiled_threat'],low,42,"RT @ItsNayombe: Publicly admitting how they were bribing Ol Kalou Voters, but IEBC are silent this.

Western things have shifted watajua hawajui https://t.co/Z7wnGjIjIP"
2078917822491570433,MlinziVinnie,neither,0.15175677835941315,0.0017015989869832993,False,['watajua_hawajui'],['veiled_threat'],low,42,"RT @ItsNayombe: Publicly admitting how they were bribing Ol Kalou Voters, but IEBC are silent this.

Western things have shifted watajua hawajui https://t.co/Z7wnGjIjIP"
2078916739476148593,muhindi_ben,neither,0.15175677835941315,0.0017015989869832993,False,['watajua_hawajui'],['veiled_threat'],low,42,"RT @ItsNayombe: Publicly admitting how they were bribing Ol Kalou Voters, but IEBC are silent this.

Western things have shifted watajua hawajui https://t.co/Z7wnGjIjIP"
2078886520615035120,NestaTray,neither,0.15175677835941315,0.0017015989869832993,False,['watajua_hawajui'],['veiled_threat'],low,31,"RT @ItsNayombe: Publicly admitting how they were bribing Ol Kalou Voters, but IEBC are silent this.

Western things have shifted watajua hawajui https://t.co/Z7wnGjIjIP"
2078873796350525486,okeke4111,neither,0.15175677835941315,0.0017015989869832993,False,['watajua_hawajui'],['veiled_threat'],low,31,"RT @ItsNayombe: Publicly admitting how they were bribing Ol Kalou Voters, but IEBC are silent this.

Western things have shifted watajua hawajui https://t.co/Z7wnGjIjIP"
2078880366140510535,TatuBila,neither,0.15175677835941315,0.0017015989869832993,False,['watajua_hawajui'],['veiled_threat'],low,31,"RT @ItsNayombe: Publicly admitting how they were bribing Ol Kalou Voters, but IEBC are silent this.

Western things have shifted watajua hawajui https://t.co/Z7wnGjIjIP"
2078876906892701729,bradleyalusa,neither,0.15175677835941315,0.0017015989869832993,False,['watajua_hawajui'],['veiled_threat'],low,31,"RT @ItsNayombe: Publicly admitting how they were bribing Ol Kalou Voters, but IEBC are silent this.

Western things have shifted watajua hawajui https://t.co/Z7wnGjIjIP"
2078874865105551519,MacEamonnB,neither,0.15175677835941315,0.0017015989869832993,False,['watajua_hawajui'],['veiled_threat'],low,31,"RT @ItsNayombe: Publicly admitting how they were bribing Ol Kalou Voters, but IEBC are silent this.

Western things have shifted watajua hawajui https://t.co/Z7wnGjIjIP"
2078882418207891712,kahuro_sam,neither,0.15175677835941315,0.0017015989869832993,False,['watajua_hawajui'],['veiled_threat'],low,31,"RT @ItsNayombe: Publicly admitting how they were bribing Ol Kalou Voters, but IEBC are silent this.

Western things have shifted watajua hawajui https://t.co/Z7wnGjIjIP"
2078820050262487280,MEbirenget,neither,0.15175677835941315,0.0017015989869832993,False,['watajua_hawajui'],['veiled_threat'],low,2,"RT @ItsNayombe: Publicly admitting how they were bribing Ol Kalou Voters, but IEBC are silent this.

Western things have shifted watajua hawajui https://t.co/Z7wnGjIjIP"
2069494137703800934,AllanObare4,neither,0.1903401017189026,0.002267824485898018,False,['41_vs_1'],['othering'],low,68,"‘Ruto, You Joined Raila in 2007 and Mobilised 41 Against 1,’ Gachagua Claims https://t.co/iNoRApuliS"
2073457340247122314,SodaBoflo,neither,0.17036987841129303,0.002434720518067479,False,['madoadoa'],['dehumanisation'],low,0,"@YusuphCabdi @HonAdenDuale Tukimaliza kutoa wantam, next ni kutoa madoadoa Kenya. Tuwe safi kama pamba"
2074422989349634166,Western_Wolf8,neither,0.2610577940940857,0.002548890421167016,False,['madoadoa'],['dehumanisation'],low,3,"Just like Gachagua gave William Ruto Tutam by coiling wantam,Muturi's support for Kalonzo Musyoka is another way of giving William Ruto a punching bag for 2027 presidential campaign.
William Ruto must find someone with madoadoa to shine.
William Ruto has nothing on Edwin Watenya Sifuna."
2076194521482670352,bungomaduke,neither,0.17403855919837952,0.002619776176288724,False,['watajua_hawajui'],['veiled_threat'],low,29,"This is something I've been consistently telling Kenyans. Some people labelled me a Fool. Truth be told, Edwin Sifuna and Babu Owino will never stick together. This a competition of Egos. None amongst them wants to be led by the other. Caleb Amisi is another gentleman to watch.. infact he stopped attending the Linda Mwananchi rallies. The split is very very imminent. Na huku Western Kenya Papa Wa Roma is fully back on the ground. Watajua Hawajui!"
2077369459283464586,Briankariu,neither,0.2524820864200592,0.0026744080241769552,False,['madoadoa'],['dehumanisation'],low,469,"People who have been arguing that Kibaki caused 2007 should follow this guy. 

We, who lived through 2007 with the skin of our teeth, shouldn't argue with kids who were still eating mashed pumpkin when ""madoa doa"" was the song"
2077807945169907772,Jakateg_,neither,0.279387891292572,0.0040968903340399265,False,['41_vs_1'],['othering'],low,3,@ngoya_derrek He can recreate 41 vs 1
2079506333024292894,PeterReagan777,neither,0.16160228848457336,0.004820568487048149,False,['watajua_hawajui'],['veiled_threat'],low,1,RT @Inya_twilitu: Ruto focused on enriching himself and his foolish cronies kina Sudi and Murkomen. They're now realising when it's too late that to still be in power beyond 2027 they actually have to be voted in again by Kenyans. That's why they have resorted to use state militia. Watajua hawajui
2057106695822663718,DCP_Democracy,neither,0.1388055384159088,0.006199281197041273,False,['41_vs_1'],['othering'],low,555,"20th May, 2026

STATEMENT BY THE DCP DEPUTY PARTY LEADER SENATOR CLEOPHAS MALALA ON ETHNIC PROFILING IN KENYA BY UDA GOVERNMENT. 

Dear Kenyans,

1. Over the last couple of months, we have witnessed a well-structured ethnic profiling of the members of the kikuyu community by president William Ruto. This is a well-orchestrated move ahead of the 2027 elections in what Mr. William Ruto scripted in 2007 of the 41 vs 1. We all know what that led Kenya into. We lost over 1,300 Kenyans and hundreds of thousands of Kenyans, are up to date in IDP Camps.

2. The team leader for this narrative is one Mr. Kipchumba Murkomen seconded by Mr. Omar Hassan, the UDA Secretary General and several top government officials including cabinet secretaries whom we shall name here today.

3. The Minister for Interior should be advised better, and as a lawyer, much logic is expected of him. Reducing critical security issues into an ethnic clash between a kikuyu and Kalenjin affair is bad for our Nation Mr. Murkomen. As you do your simple mind games, cattle rustling in Meru is wreaking havoc. Mandera occupied by Jubaland forces, Goons are taking control of towns.

4. Leave politics and concentrate on your job Mr. Murkomen. Secure Kenyans. As a cabinet minister for interior, it is worrying to see you on a tribal charade trying to run EPRA and the energy docket on fuel prices when Kenyans are simply on their own.

5. Secondly, Mr. Omar, the Secretary General of the wheelbarrow party, we want to remind you of your role in the 2007/08 post-election violence ICC related witness coaching against Mr. William Ruto and others. Might you have forgotten, when you served as a commissioner at the Kenya National Human Rights Commissioner, Mr. William Ruto accused you od coaching witnesses against Mr. Ruto. In his own words, Ruto said, ""I also want to inform Mr. Hassan Omar, who is the schemer, and the mercenary behind this whole scheme that that he cannot hire or rent, or buy or sell or negotiate justice and the truth..."".

6. Mr. Omar, your house of lies, as described then by William Ruto, seems to have become a shopping mall. Stop profiling Kenyans of kikuyu origin. If you think it is the people of Kikuyu descent who have a problem with this government, when the truth dawns on you and your team, it is be too late to salvage yourselves. But unfortunately, you have already messed up the country.

7. When Kenyans come out in the streets to demonstrate about high costs of fuel, mutilated payslip, dysfunctional SHA, failed education systems, it is not Kikuyu Vs Kalenjin Community Mr. Kipchumba Murkomen. It is about 55 million Kenyans suffering high taxation, double standards, bad roads, poor policy among others.

8. When Kenyans in Northern Kenya are being butchered by the Jubaland Forces, it is not Kikuyu vs Kalenjin; it is Kenyans crying because the government has failed to protect them.

9. Teachers, civil servants, and all employees and Kenyans saying NO to Mr. William Ruto are doing so because of the personal pain they are going through courtesy of one Mr. William Ruto and not the Kalenjin community.

10. If, then, we buy your opaque arguments that 55 Million Kenyans are fighting Ruto because he is a Kalenjin, we then need to argue that William Ruto is the only Kalenjin in Kenya and the 55 million of us are all Kikuyus. So, Mr. Omar Hassan, please spare us your thoughts on negative ethnicity.

11. On the high cost of fuel, it is unfortunate that Kenyans are being treated to conmanship and blatant open thuggery through the pump.

As if the damage you have caused Kenya is not enough, you now want to mean it is because Ruto is a Kalenjin.

12. The government cannot purport that the high fuel cost only affects the matatu sector. Every Kenyan is affected by this insensitive fuel hike. But the good thing is, the government is digging its own political grave deeper. While addressing fuel costs, address every Kenyan, not a small pocket of transport sector."
2078218148583735483,RudDanNistelroo,neither,0.2853122353553772,0.006276267580688,False,['41_vs_1'],['othering'],low,0,"@gabrieloguda Remember they will not be in the Ballot come  2027 so 41 against 1 is not mathing.
We will pour our votes to the the United opposition candidate who @edwinsifuna will be the DP.
Mtaona vumbi"
2078701355372515498,ItsNayombe,neither,0.28886809945106506,0.00685364892706275,False,['watajua_hawajui'],['veiled_threat'],low,5,"Publicly admitting how they were bribing Ol Kalou Voters, but IEBC are silent this.

Western things have shifted watajua hawajui https://t.co/Z7wnGjIjIP"
2076571815661498459,_James041,neither,0.08761496841907501,0.001171450479887426,False,['fumigate'],['dehumanisation'],medium,92,"TODAY I STAND IN SOLIDARITY WITH WAKILI DIANA GICHENGO AND @TISAKenya 🛑

Wakili Diana Gichengo @dianagichengo is the Executive Director @TISAKenya .

She was one of the brains behind The People's Audit, @OkoaUchumi_KE Report which enlightened Kenyans on matters economy, budget, corruption and debts.

She was also one of the brains behind the Okoa Uchumi's ' Follow the money' 2024 pilot which demonstrated that citizens' oversight can expose misuse faster than institutional audits.

@TISAKenya have been doing civic education on matters budget, the finance bill and good governance.

In her latest civic duty, Miss Diana revealed that Kenyans are still being taxed to pay the wazungus who oppressed Kenyans during the colonial error.

Diana Gichengo is reporting that suspected @DCI_Kenya officers have been doing some unfriendly tours around @TISAKenya offices.

Dear @DCI_Kenya , the fumigants which should be used to fumigate the cockroaches occupying  Kipchumba Murkomen's empty brain are not hidden at @TISAKenya offices.

Diana Gichengo is a law abiding citizen, who only does civic education.

Stop intimidating innocent Kenyans and focus on real criminals like Fikirini Jacobs and his murderous bodyguards.

#HandsOffTISA"
2073387327561277602,DerrickShabz,neither,0.25957027077674866,0.001690717414021492,False,['kimeumana'],['veiled_threat'],medium,1,Edwin Sifuna has been given the big seat while George Natembeya and Godfrey Osotsi are just normal guys. Sema kimeumana pale Linda Mwananchi https://t.co/fD70uBbziO
2073494872900948407,drbundo4,neither,0.31624966859817505,0.0018485565669834614,False,['kimeumana'],['veiled_threat'],medium,0,"@LabanMbunya So 45 days consultations ilikua ya nini? Hehehe.sema kimeumana!!
But what options does he have anyway? it is either Kalonzo or kalonzo. Delaying it to even July will not change anything"
2075473157452857356,MMaremwa34326,neither,0.10107986629009247,0.00212827417999506,False,['kimeumana'],['veiled_threat'],medium,7,"RT @LabanMbunya: SEMA KIMEUMANA!

The United Opposition and Linda Mwananchi seem happy to create and fuel animosity at every turn by endorsing Edwin Sifuna. 

Rigathi Gachagua appears to have set aside his own presidential ambitions to back Fred Matiang'i. 

Meanwhile Kalonzo and Wamalwa have been pushed aside, though perhaps not permanently.

The public disagreement between George Natembeya and Eugene Wamalwa paints a bad picture for the opposition but hands the government a big advantage. 

Natembeya is ready to mount a full force campaign alongside the energetic Linda Mwananchi movement.

Eugene Wamalwa clearly feels sidelined in the current arrangement, which seems to favour only Fred Matiang'i, Edwin Sifuna and Kalonzo Musyoka as the main presidential contenders.

Justin Muturi also looks to have fallen out with Rigathi Gachagua. He is increasingly becoming ungovernable within this United Opposition setup and could soon show them the real birds of Kang'ethe.

The ticket might end up with Edwin Sifuna versus Ruto!"
2075371946712125804,JohnKarika4,neither,0.10107986629009247,0.00212827417999506,False,['kimeumana'],['veiled_threat'],medium,5,"RT @LabanMbunya: SEMA KIMEUMANA!

The United Opposition and Linda Mwananchi seem happy to create and fuel animosity at every turn by endorsing Edwin Sifuna. 

Rigathi Gachagua appears to have set aside his own presidential ambitions to back Fred Matiang'i. 

Meanwhile Kalonzo and Wamalwa have been pushed aside, though perhaps not permanently.

The public disagreement between George Natembeya and Eugene Wamalwa paints a bad picture for the opposition but hands the government a big advantage. 

Natembeya is ready to mount a full force campaign alongside the energetic Linda Mwananchi movement.

Eugene Wamalwa clearly feels sidelined in the current arrangement, which seems to favour only Fred Matiang'i, Edwin Sifuna and Kalonzo Musyoka as the main presidential contenders.

Justin Muturi also looks to have fallen out with Rigathi Gachagua. He is increasingly becoming ungovernable within this United Opposition setup and could soon show them the real birds of Kang'ethe.

The ticket might end up with Edwin Sifuna versus Ruto!"
2075341684871733414,eva_lead,neither,0.10107986629009247,0.00212827417999506,False,['kimeumana'],['veiled_threat'],medium,4,"RT @LabanMbunya: SEMA KIMEUMANA!

The United Opposition and Linda Mwananchi seem happy to create and fuel animosity at every turn by endorsing Edwin Sifuna. 

Rigathi Gachagua appears to have set aside his own presidential ambitions to back Fred Matiang'i. 

Meanwhile Kalonzo and Wamalwa have been pushed aside, though perhaps not permanently.

The public disagreement between George Natembeya and Eugene Wamalwa paints a bad picture for the opposition but hands the government a big advantage. 

Natembeya is ready to mount a full force campaign alongside the energetic Linda Mwananchi movement.

Eugene Wamalwa clearly feels sidelined in the current arrangement, which seems to favour only Fred Matiang'i, Edwin Sifuna and Kalonzo Musyoka as the main presidential contenders.

Justin Muturi also looks to have fallen out with Rigathi Gachagua. He is increasingly becoming ungovernable within this United Opposition setup and could soon show them the real birds of Kang'ethe.

The ticket might end up with Edwin Sifuna versus Ruto!"
2075278746932719793,wefwilapeter,neither,0.10107986629009247,0.00212827417999506,False,['kimeumana'],['veiled_threat'],medium,2,"RT @LabanMbunya: SEMA KIMEUMANA!

The United Opposition and Linda Mwananchi seem happy to create and fuel animosity at every turn by endorsing Edwin Sifuna. 

Rigathi Gachagua appears to have set aside his own presidential ambitions to back Fred Matiang'i. 

Meanwhile Kalonzo and Wamalwa have been pushed aside, though perhaps not permanently.

The public disagreement between George Natembeya and Eugene Wamalwa paints a bad picture for the opposition but hands the government a big advantage. 

Natembeya is ready to mount a full force campaign alongside the energetic Linda Mwananchi movement.

Eugene Wamalwa clearly feels sidelined in the current arrangement, which seems to favour only Fred Matiang'i, Edwin Sifuna and Kalonzo Musyoka as the main presidential contenders.

Justin Muturi also looks to have fallen out with Rigathi Gachagua. He is increasingly becoming ungovernable within this United Opposition setup and could soon show them the real birds of Kang'ethe.

The ticket might end up with Edwin Sifuna versus Ruto!"
2075232983166927276,bradleyalusa,neither,0.10107986629009247,0.00212827417999506,False,['kimeumana'],['veiled_threat'],medium,0,"RT @LabanMbunya: SEMA KIMEUMANA!

The United Opposition and Linda Mwananchi seem happy to create and fuel animosity at every turn by endorsing Edwin Sifuna. 

Rigathi Gachagua appears to have set aside his own presidential ambitions to back Fred Matiang'i. 

Meanwhile Kalonzo and Wamalwa have been pushed aside, though perhaps not permanently.

The public disagreement between George Natembeya and Eugene Wamalwa paints a bad picture for the opposition but hands the government a big advantage. 

Natembeya is ready to mount a full force campaign alongside the energetic Linda Mwananchi movement.

Eugene Wamalwa clearly feels sidelined in the current arrangement, which seems to favour only Fred Matiang'i, Edwin Sifuna and Kalonzo Musyoka as the main presidential contenders.

Justin Muturi also looks to have fallen out with Rigathi Gachagua. He is increasingly becoming ungovernable within this United Opposition setup and could soon show them the real birds of Kang'ethe.

The ticket might end up with Edwin Sifuna versus Ruto!"
2075257125186445363,NeShienu,neither,0.24560628831386566,0.002292357850819826,False,['madimoni'],['dehumanisation'],medium,21,"Musalia Mudavadi has Never hustled in his political life. He believes in through pass opportunities 

He was first introduced into politics in 1989 following a family tragedy when his Father Died. He was only 28 yrs.

He was pushed to Vie for MP seat sabatia Constituency out of sympathy He was just Elected. His Father was a good man and therefore He leveraged on His Father's legacies to get free things.

After Saitoti's Resignation, He took advantage of the Feud between moi and Saitoti and Became the shortest serving Vice president.

In 2013 Uhuruto Tricked him that He was their preferred presidential candidate on a mere Fact that they had a case in Icc and therefore they won't Contest. Uhuru later publicity admitted that He had not endorsed him. It was the work of the Devil....the Famous Madimoni.

Now it's Emerging  that Ruto had promised to make him president 2032.. what amazes us is that currently the promise has been shifted to Wetangula and not him.

Today He appear Man under Siege or Siekenye.

The Rise of EDWIN SIFUNA is giving him Pressure...He's wondering how such a young man has just risen like that and He has been in politics about  37 yrs but has never enjoyed such a powerful moment Sifuna is.

Mudavadi Believes that national leaders must be old not Young, to him, Sifuna should wait. But the youths of this Country are saying Sifuna Hadi kwa ballot and yeye ndio Rais Mrarajiwa."
2077807282289508578,Gukawakiambu,neither,0.18415795266628265,0.002329115988686681,False,['kimeumana'],['veiled_threat'],medium,0,@_KithureKindiki kimeumana https://t.co/TdoYgpxk0n
2078891488398958705,DaSignior,neither,0.2333274632692337,0.0026310717221349478,False,['kwekwe'],['dehumanisation'],medium,0,"@OleItumbi Before anything else,,tell us about that kwekwe squad being protected by police."
2074373973660324107,KahoyaMuiru,neither,0.12199420481920242,0.0031691836193203926,False,['kimeumana'],['veiled_threat'],medium,0,Kimeumana https://t.co/u1NEq1nl8q
2075174563302764715,LabanMbunya,neither,0.19804750382900238,0.003412984311580658,False,['kimeumana'],['veiled_threat'],medium,1,"SEMA KIMEUMANA!

The United Opposition and Linda Mwananchi seem happy to create and fuel animosity at every turn by endorsing Edwin Sifuna. 

Rigathi Gachagua appears to have set aside his own presidential ambitions to back Fred Matiang'i. 

Meanwhile Kalonzo and Wamalwa have been pushed aside, though perhaps not permanently.

The public disagreement between George Natembeya and Eugene Wamalwa paints a bad picture for the opposition but hands the government a big advantage. 

Natembeya is ready to mount a full force campaign alongside the energetic Linda Mwananchi movement.

Eugene Wamalwa clearly feels sidelined in the current arrangement, which seems to favour only Fred Matiang'i, Edwin Sifuna and Kalonzo Musyoka as the main presidential contenders.

Justin Muturi also looks to have fallen out with Rigathi Gachagua. He is increasingly becoming ungovernable within this United Opposition setup and could soon show them the real birds of Kang'ethe.

The ticket might end up with Edwin Sifuna versus Ruto!"
2074431632874856819,bonifacemwangi,neither,0.23116034269332886,0.004062830004841089,False,['kwekwe'],['dehumanisation'],medium,1953,"𝐎𝐭𝐡𝐞𝐫 𝐜𝐨𝐮𝐧𝐭𝐫𝐢𝐞𝐬 𝐡𝐚𝐯𝐞 𝐦𝐚𝐟𝐢𝐚. 𝐈𝐧 𝐊𝐞𝐧𝐲𝐚, 𝐭𝐡𝐞 𝐦𝐚𝐟𝐢𝐚 𝐡𝐚𝐯𝐞 𝐚 𝐜𝐨𝐮𝐧𝐭𝐫𝐲.

In October 2013, a man called Bogonko Bosire disappeared.  Bogonko, previously a writer with Agence France-Presse, became a blogger for hire after losing his job. He ran a website, Jackal News, where it is said he would post articles for a round of beer. One of the posts he was hired to publish was a leak of the names of witnesses lined up to testify against then President Uhuru Kenyatta and his deputy, William Ruto, at the International Criminal Court (ICC), for their alleged roles in the 2007-2008 post-election violence.
 
Not long after - probably because of the incriminating knowledge he possessed - Bogonko mysteriously disappeared from the face of the earth. He was abducted, murdered, and his body was never found. Three months later, in December the same year, Albert Muriuki went missing from State House, Nairobi.  Muriuki had worked as an intern at the International Criminal Court (ICC) before being appointed to State House. Bogonko and Muriuki were “disappeared” after finishing their dirty job of publicly exposing ICC witnesses.
 
Many of the witnesses recanted their testimonies after being threatened, while others were paid off. A killer police squad called Kwekwe was formed to hunt down and kill the stubborn ones who refused to recant.  The ICC suspects knew who to kill or target because they had a hit list The Kwekwe squad officers were also eliminated after killing the witnesses. The ICC suspects hired a “cleaner” to eliminate the men they had used to do their dirty job.

While Bogonko and Muriuki likely got what they deserved for sleeping with the devil, there are four women who dared to resist the rich and powerful and did not deserve to be murdered.
 
Nancy Waithera, an employee of the National Hospital Insurance Fund (NHIF), was taken out by a sniper as she walked along Kaunda Street in Nairobi on February 17, 2023. She was a whistleblower in a Ksh 1.1 billion scandal involving NHIF CEO Geoffrey Mwangi, who had initially been suspended but returned after he was cleared by the court. Her killers are still walking scot-free.
 
On July 15, 2021, 67-year-old environmental activist Joannah Stutchbury was shot six times outside her Kiambu home as she got out of her car to clear the driveway, which had been blocked by tree branches.  At the time, the Director of Criminal Investigations (DCI), George Kinoti, said preliminary investigations indicated that Stutchbury might have been killed for her resistance to the encroachment and illegal construction of a road, and the grabbing of Kiambu forest.
 
Earlier in March of the same year, the body of a senior officer with the National Land Commission (NLC), Jennifer Itumbi Wambua, was discovered in a field in Ngong after she had been reported missing on March 12. Wambua was a key witness in a case where a deputy governor and a former top civil servant were charged with conspiring to defraud the government of Ksh 122.3 million.
Recently, another mysterious disappearance has hit the headlines. Esther Wairimu is the most senior legal officer at Kenya Forest Service HQ on Kiambu Road. She has served in the position for over 10 years.
On Tuesday, June 9, 2026, she reportedly arrived home from work and told her family that she was feeling uncomfortable after being asked to sign certain documents in the office. She vowed not to return to work.

Nevertheless, she reported to work at approximately 10 a.m. the following day and worked until around 2 p.m. when she left for her home in Juja. Upon reaching Juja town, she alighted from the vehicle she was travelling in and went into Senate Hotel to check out the gym, and disappeared.
For the past three weeks, search efforts by her family, friends, and colleagues have yielded no results. They combed the area around Juja on foot, by vehicle, and even with drones, but to no avail. She disappeared at a time when there are many attempts to grab public land, including inside the forest where she worked, Karura Forest. Yesterday, her decomposing body was found in a forest in Gatundu. She had been abducted and murdered.

In July 2022, two Indian nationals, Mohamed Zaid Sami Kidwai and Zulfiqar Ahmed Khan, alongside their Kenyan taxi driver Nicodemus Mwania Mwange were shot and killed by the police. When Ruto became president, he ordered the police officers charged with the killing to be prosecuted. Officers from the Special Service Unit who had abducted the three men, and those from the National Intelligence Service who had helped do the tracking, were arrested. Additionally, Kenya Wildlife Service officers who had helped dispose of the remains where they would be eaten by wild animals, were also charged. So, to the men and women carrying out abductions and assassinations on orders from above, you will face your day in court."
2074467817785803014,UtuNaUzalendoKE,neither,0.24606682360172272,0.004233581479638815,False,['kwekwe'],['dehumanisation'],medium,8,"1/2

Other countries have mafia. In Kenya, the mafia have a country.
 
In October 2013, a man called Bogonko Bosire disappeared. Bogonko, previously a writer with Agence France-Presse, became a blogger for hire after losing his job. He ran a website, Jackal News, where it is said he would post articles for a round of beer. One of the posts he was hired to publish was a leak of the names of witnesses lined up to testify against then President Uhuru Kenyatta and his deputy, William Ruto, at the International Criminal Court (ICC), for their alleged roles in the 2007-2008 post-election violence.
 
Not long after - probably because of the incriminating knowledge he possessed - Bogonko mysteriously disappeared from the face of the earth. He was abducted, murdered, and his body was never found. Three months later, in December the same year, Albert Muriuki went missing from State House, Nairobi.  Muriuki had worked as an intern at the International Criminal Court (ICC) before being appointed to State House. Bogonko and Muriuki were “disappeared” after finishing their dirty job of publicly exposing ICC witnesses. 
 
Many of the witnesses recanted their testimonies after being threatened, while others were paid off. A killer police squad called Kwekwe was formed to hunt down and kill the stubborn ones who refused to recant. The ICC suspects knew who to kill or target because they had a hit list. The Kwekwe squad officers were also eliminated after killing the witnesses. The ICC suspects hired a “cleaner” to eliminate the men they had used to do their dirty job.
 
While Bogonko and Muriuki likely got what they deserved for sleeping with the devil, there are four women who dared to resist the rich and powerful and did not deserve to be murdered.

Nancy Waithera, an employee of the National Hospital Insurance Fund (NHIF), was taken out by a sniper as she walked along Kaunda Street in Nairobi on February 17, 2023. She was a whistleblower in a Ksh1.1 billion scandal involving NHIF CEO Geoffrey Mwangi, who had initially been suspended but returned after he was cleared by the court. Her killers are still walking scot-free. 
 
On July 15, 2021, 67-year-old environmental activist Joannah Stutchbury was shot six times outside her Kiambu home as she got out of her car to clear the driveway, which had been blocked by tree branches.  At the time, the Director of Criminal Investigations (DCI), George Kinoti, said preliminary investigations indicated that Stutchbury might have been killed for her resistance to the encroachment and illegal construction of a road, and the grabbing of Kiambu forest. 
 
Earlier in March of the same year, the body of a senior officer with the National Land Commission (NLC), Jennifer Itumbi Wambua, was discovered in a field in Ngong after she had been reported missing on March 12. Wambua was a key witness in a case where a deputy governor and a former top civil servant were charged with conspiring to defraud the government of Ksh 122.3 million.

Recently, another mysterious disappearance has hit the headlines. Esther Wairimu is the most senior legal officer at Kenya Forest Service HQ on Kiambu Road. She has served in the position for over 10 years.

On Tuesday, June 9, 2026, she reportedly arrived home from work and told her family that she was feeling uncomfortable after being asked to sign certain documents in the office. She vowed not to return to work.

Nevertheless, she reported to work at approximately 10 a.m. the following day and worked until around 2 p.m. when she left for her home in Juja. Upon reaching Juja town, she alighted from the vehicle she was travelling in and went into Senate Hotel to check out the gym, and disappeared. 

For the past three weeks, search efforts by her family, friends, and colleagues have yielded no results. They combed the area around Juja on foot, by vehicle, and even with drones, but to no avail. 

By Boniface Mwangi"
2074145087139795433,KahoyaMuiru,neither,0.06545115262269974,0.004557628650218248,False,['kimeumana'],['veiled_threat'],medium,0,Kimeumana ile mbaya
2073461393559273786,tonykaromo,neither,0.34847280383110046,0.0057774493470788,False,['kwekwe'],['dehumanisation'],medium,2253,"Man sounds warning to goons recounting how he was part of the 2008 outfit that was used by government for similar dirty work as today. 

He recounts how Michuki had Mungiki, Raila had Taliban and Nyachae had Chinkororo and the turf wars that followed after elections, then Kwekwe squad........."
2077702771843776768,Baddie61081M,neither,0.2895113527774811,0.0066344584338366985,False,['kimeumana'],['veiled_threat'],medium,2,"Sema kimeumana 😂😂😂
#WANTAM
#RUTOMUSTGO"
2072647909204496700,eastafricatv,neither,0.08656135946512222,0.008139992132782936,False,['waondoke'],['expulsion'],medium,49,"#HABARI Zaidi ya watu 900 wamekamatwa kufuatia maandamano ya kitaifa yaliyofanyika Jumanne nchini Afrika Kusini kupinga uwepo wa wahamiaji wasio na nyaraka halali.

Ingawa maandamano mengi yalikuwa ya amani, baadhi ya maeneo yalishuhudia vurugu na uporaji wa maduka yanayomilikiwa na raia wa kigeni.

Naibu Kamishna wa Kitaifa wa Polisi, Tebello Mosikili, amesema maandamano 108 kati ya 120 yaliyofanyika yalikuwa ya amani, huku 12 yakihitaji polisi kuingilia kati.

Alieleza kuwa waliokamatwa wanakabiliwa na tuhuma mbalimbali ikiwemo ukiukaji wa sheria za uhamiaji, kufanya vurugu hadharani, kuwaficha wahamiaji wasio na vibali halali na wizi.

Polisi pia wamethibitisha kuwa mtu mmoja aliuawa kwa kupigwa risasi katika eneo la Alexandra, mjini Johannesburg, wakati wa vurugu zilizohusisha uporaji wa maduka.

Aidha, mamlaka zilipeleka askari wa ziada katika majimbo matano kati ya tisa ya nchi hiyo ili kuimarisha usalama, huku wanajeshi wakitumwa katika eneo la Hillbrow, Johannesburg.

Katika mji wa Durban, polisi wanaendelea kuchunguza kifo cha raia mmoja wa kigeni aliyedaiwa kujirusha kutoka ghorofa ya nane ya jengo moja kutokana na hofu ya kushambuliwa.

Maandamano hayo yaliandaliwa kufuatia kumalizika kwa muda uliowekwa na kundi linalopinga wahamiaji, lililotaka wahamiaji wasiokuwa na vibali halali waondoke nchini humo.
#EastAfricaTV"
2078727866326356377,DavidNdii,neither,0.23165078461170197,0.013110972940921783,False,['uthamaki'],['othering'],medium,36,Ol Kalou by-election pitted two wannabe tribal kingpins one fronting patrimonial politics a.k.a “politics of the belly” and the other uthamaki (Kikuyu supremacist) ideology. Uthamaki won the battle. Both lost the war. Their political careers will end in August 2027.
2078858452546269239,DKafence,neither,0.09965366125106812,0.015089495107531548,False,['kimeumana'],['veiled_threat'],medium,3,"RT @GitahiJcgitahi: Tribal talk won't win you elections 2027
So now we go back to 1960s elder sayings? Growth pls
Kikuyu supported Ruto in 2022 now because kimeumana they start remembering what their elders were saying about Kikuyu. https://t.co/lBD1MlLRP1"
2079143747502149674,tweetbyKenOduor,neither,0.24223726987838745,0.06608695536851883,False,['uthamaki'],['othering'],medium,3,"@djzabu @davidmakali1 @rigathi Boss, other tribes will rule this nation too whether uthamaki likes it or not. It’s that simple."
2078574903079395541,GitahiJcgitahi,neither,0.2582494616508484,0.07755187153816223,False,['kimeumana'],['veiled_threat'],medium,37,"Tribal talk won't win you elections 2027
So now we go back to 1960s elder sayings? Growth pls
Kikuyu supported Ruto in 2022 now because kimeumana they start remembering what their elders were saying about Kikuyu. https://t.co/lBD1MlLRP1"
