platform_post_id,author_handle,label,p_offensive,p_hate,hate_flag,bucket,engagement,lang,text
2077475241526174033,RepOgles,offensive,0.40256571769714355,0.32249268889427185,True,offdomain,59774,en,"I have a bill that could Remigrate Zohran Mamdani, and a lot of other foreigners who hate our country.

Pass my Remigration Act! https://t.co/39Fi2dXaUO"
2073058628580307141,amuse,hate,0.21117055416107178,0.7227159738540649,True,offdomain,10837,en,"SOCIALISM: This will be the youngest member of Congress from Colorado. She has no understanding of economics, history, much less human nature. America won’t survive if we allow African-born socialists to rule us.  https://t.co/9mdVnHNzts"
2077519757629153542,Gigiluvs2020,hate,0.08369863033294678,0.8349894285202026,True,offdomain,343,en,@RepOgles We should never allow Muslims to be leaders in this country. They hate America and have an agenda to erase the freedoms and privileges she offers. America is a Christian nation and we should never allow Islam to dictate who and what we are.
2073059360805179547,amuse,hate,0.23524968326091766,0.6734077334403992,True,offdomain,191,en,SOCIALISM: African-born socialists seek to destroy America and remake into an Islamic state free from Christians and Jews.  https://t.co/NZr3m5uaic
2078629143692882165,TruthS33ker76,hate,0.1454354077577591,0.8038196563720703,True,offdomain,186,en,@realMaalouf It's an insult to every American alive and dead for these people to even breath our air. Get the Muslims Out!!
2078714500078039549,magadaddy777,hate,0.14341184496879578,0.8125742673873901,True,offdomain,138,en,"@realMaalouf OUR COUNTRY IS BEING TAKEN OVER BY COMMUNISTS, MUSLIMS THAT ARE WISHING DEATH TO AMERICA. THEY'RE BEING ELECTED INTO VERY IMPORTANT POSITIONS! NEED TO DECLARE THE ACT OF 1954! https://t.co/6x99WjGTtP"
2077507113945850261,Theo_of_Amasea,hate,0.12332742661237717,0.8463562726974487,True,offdomain,78,en,@RepOgles Who cares about passing laws anymore? What law allowed tens of millions of illegals into my country? Just arrest and deport mamdani and every other commie and muslim.
2077858149336330420,Granaidh185619,hate,0.16289149224758148,0.4722449481487274,True,offdomain,25,en,@JasonSimmo86712 100%. Muslims do not do this in Muslim countries.  It is a sign of their domination of and disrespect for America.
2078889120450187663,ThomasPainejr1,hate,0.25258442759513855,0.679359495639801,True,offdomain,24,en,"@realMaalouf Deport these America-hating barbarians.

Islam is incompatible with western values and liberty.

ENOUGH with this!"
2078687905325981805,QueenEmyB1,hate,0.2252606302499771,0.7381698489189148,True,offdomain,22,en,"@AntiTrumpCanada lol. Canada has been cucked by commies and filthy Indians. 

Trump is the least of your problems."
2077371462571139281,ToBeEncouraging,hate,0.17214028537273407,0.7976670265197754,True,offdomain,17,en,@JoeBiden @littlebrown Bro YOU ruined America. Look at it. Look what happens when you let millions of undocumented immigrants in.  Brink of a Civil War and Islam takeover. Housing crisis. Fuck you honestly. Fuck. You!
2078672421973008802,SFWsalesgirl,offensive,0.49461179971694946,0.439739853143692,True,offdomain,12,en,"@AntiTrumpCanada Yeah we have nothing to worry about from these pansy ass Canadians 🤣 You guys can bitch and moan about Trump all you want, he is still the best president in decades and we love him https://t.co/QhjjpvH7f6"
2078967328633463050,hrkbenowen,hate,0.3033748269081116,0.44188520312309265,True,offdomain,9,en,@MichaelRapaport @hottieballerina Mamdani is a Muslim communist so there’s no surprise that he wants to arrest Netanyahu.
2078073665913036969,RedTeamLeader00,hate,0.19053928554058075,0.7797390818595886,True,offdomain,8,en,@BTT1024 Loop hole. What is it about you Indians that you can’t understand we want you  out of our country. I’ll say it. We don’t like you or your culture. Return to India and make India great. Just get hell out of our country.
2078883839355887773,SD_TaxFighters,hate,0.21560783684253693,0.5091848969459534,True,offdomain,7,en,"At the VERY LEAST, all Muslims who arrived in America in the last 10 years should be deported.
Any remaining Muslims must formally renounce this vicious cult religion.
Their Mosques should be ""repurposed,"" or torn down. All remaining Muslins should be monitored to ensure that they really DID reject Islam -- and be deported if found that they lied.
Islam is a greater danger long term to Western Civilization than Russia, China, ""climate change,"" or even Socialism."
2075204008457744532,Michael01755990,hate,0.09515842795372009,0.8439418077468872,True,offdomain,5,en,"@WhiteHouse Islamics are running great parts of USA, daily they are burning your flags and calling for death to america, in America.  I find that frightening and see no evidence you are stopping the invasion."
2078116727410282680,Blackpilled1003,hate,0.1511913686990738,0.8267965316772461,True,offdomain,3,en,@WhiteHouse Then remove every single US official who had duel citizenship to Israel or has ever received money from Israel/AIPAC. Stop pretending the American people can’t see you fucking jews are the problem world wide
2078825424759533588,Senor_Steve,hate,0.17828956246376038,0.6060075759887695,True,offdomain,3,en,@realMaalouf America must declare Islam the enemy. Those practicing &amp; supporting an Islamic takeover of America must be prosecuted for sedition and dealt with in an appropriate manner. (Jail or deportation)
2078844859293815092,RandHendricks,offensive,0.44393330812454224,0.441435307264328,True,offdomain,3,en,@AntiTrumpCanada The middle of Canada wants to leave and become part of the USA.  That’s a fact.  It’s the stupid people on both coast that are just idiots who voted for a socialist that why you can’t even protect your country without the USA’S help
2078979319624557026,CathrynneSheena,hate,0.3172624707221985,0.5182895064353943,True,offdomain,3,en,"@realMaalouf Imho, Hassan Salamey (the Muslim speaker in the video) is one of the many sleepers that's born and raised in US.

So yes, America has been infiltrated from within and thank God for President Trump to expose them out now!"
2077621188608905562,BrennaGibson007,offensive,0.37961190938949585,0.3359951078891754,True,offdomain,2,en,"@SpeakerJohnson IF THEY DISAGREE WITH YOU then THROW THEM OUT OF CONGRESS&lt; THEY ARE FOREIGNERS, THEY CAME INTO OUR COUNTRY ILLEGALLY!"
2078281129665126826,flagfriendly,hate,0.20003393292427063,0.6520239114761353,True,offdomain,1,en,@AuntieFa63 @Defenderofusa23 @JasonSimmo86712 So they can sell their children into marriage before they even hit puberty. Islam is a violent theocracy that is in complete opposition to the constitution. Islam has no place in the United States of America and is as legitimate as Satanism.
2077756684378718506,MAGAQ1945,hate,0.1469152569770813,0.8102537989616394,True,offdomain,1,en,@RepOgles Let's do it they all need to go and I don't care what I'm called for saying so. We should have never allowed foreigners in offices of leadership they will always be interested in putting their Nation before America. And you see how anti-america many of them are send them all back
2078492511337906428,Cornyboob,hate,0.33856654167175293,0.5130926966667175,True,offdomain,1,en,Why do black people get caught on camera stuffing ballots to rig the election most are black people eager to be slaves again under your white supremacist gay Nazi rape cult or are they being lied to and used as weapons in a war against America just to be thrown away like black trash
2079149995014381795,JoeMarsMan,hate,0.32139378786087036,0.40306204557418823,True,offdomain,0,en,"@realMaalouf @SecWar    @SecRubio  TREASON is a crime.  Arrest this Islamic Jihadist Terrorist

Denaturalize him &amp; deport the enemy of THE UNITED STATES of AMERICA

Islam took Iran in 79 &amp; DECLEARED WAR on THE UNITED STATES of AMERICA &amp; ISRAEL

This is WAR.  End the INVASION

🇺🇸MAGA🇺🇸"
2077022805317841025,telegram,neither,0.07970435172319412,0.4392007291316986,True,ambiguous,5799,fr,aliens
2077807093608821069,ed_kemboi,neither,0.32704055309295654,0.3256700038909912,True,ambiguous,5640,in,Murima nayo siasa yao wanakuanga wameweka kwa roho😂😂😂😂
2078833343408304374,sususqueen,neither,0.22082313895225525,0.3340335190296173,True,ambiguous,4979,fr,Jvois de plus en plus de noirs ne plus être religieux diiingue
2077834083015491733,SiayaFinest041,hate,0.27636298537254333,0.6670899391174316,True,ambiguous,4524,en,Enyewe Luos tunakuanga very cheap politically. Learn from the mountain nugu ici.
2072453360381313532,MigunaMiguna,offensive,0.4938926100730896,0.3351726233959198,True,ambiguous,3905,en,"The Belgians murdered Patrice Lumumba and dissolved his body in acid. And today, a stupid referee helped them steal from Senegal.

I’ve said it. Now, the European slaves can cry!"
2078341196607357251,jo_nordic,hate,0.33086225390434265,0.533337414264679,True,ambiguous,2903,en,"@Parodyjeffx Remember the jews that were recently caught setting fires in Chili that destroyed thousands of acres? 

It's literally a nightmare having to  live in a world with these savage creatures."
2071929405299974635,MigunaMiguna,neither,0.26119741797447205,0.3675908148288727,True,ambiguous,2010,en,"If you want to understand why a handful of Europeans with bibles and guns enslaved and colonized Africans, watch how vicious Black South Africans are united in their hatred and xenophobic violence against fellow Black Africans who supported them and granted them refuge during apartheid while not bothering the Boers who stole 80% of their land and control 99% of their minerals and economy."
2073768418478608802,amuse,neither,0.18533417582511902,0.3014896810054779,True,ambiguous,1866,en,ISLAMIFICATION: Obama’s decision to create Islamic enclaves instead of assimilating migrants has been devastating to our republic. These Somali children are lost forever.
2079319490865598695,mcgregormackenz,neither,0.3125864267349243,0.2995056211948395,True,ambiguous,1437,en,"Apparently it’s now “racist”, according to HR, to sanitise your hands immediately after a handshake with a muslim?

And apparently “they wipe their arse with their bare hands” isn’t a defence and is a sign of “further racism” ? 

Am I going mad? 

UTTER WOKE NONSENSE"
2078478258065273203,jcbsoficial,hate,0.1924302726984024,0.7587883472442627,True,ambiguous,1368,pt,"@NBAdoPovo Esse é o mínimo que argentino deve ser tratado, raça maldita, índios de merda que se acham europeus, o mundo conheceu os bostas que eles são"
2077436786297491800,RepNancyMace,hate,0.10888231545686722,0.7386940717697144,True,ambiguous,1034,en,@Dominos_UK Muslims invading civilization.
2078809201556553956,Maryian96,neither,0.09312215447425842,0.3794386684894562,True,ambiguous,652,in,Felix kosgei ameambia wakale mambo imeharibika murima so they have to get votes by next year wachukue kura ama kijana wa nyumbani arudi sugoi Riggy v aki🤣🤣🤣🤣🤣🤣 https://t.co/q8Rcj8bqrA
2077291612795703575,mishtal,hate,0.2036566436290741,0.5391002297401428,True,ambiguous,552,en,"@RoKhanna @RepThomasMassie I will translate:

""I want to leave 7 million Jews defenceless while surrounded by Islamic terrorists seeking to slaughter them. I want to them to get rid of their anti-missile defense system too.""

https://t.co/Z3qZMvbER6"
2077981647379562538,MissKwegah1,hate,0.29164212942123413,0.6697938442230225,True,ambiguous,486,in,"Waluuuuuhyaaaaa next ni nyinyi. Shida yenyu ni mutakula na mupeane kura! 
Aaaaah! Kwanza nyinyi wa Bungoma na Kakamega."
2077937756156600468,Roswell_42,hate,0.10706751048564911,0.8517794013023376,True,ambiguous,349,en,@WhiteHouse Can a country be great that protects Jewish pedophile networks which blackmail elites? https://t.co/rYcE4SY0yg
2075458747254866200,georgediano,hate,0.3320632576942444,0.3855426609516144,True,kenya,4179,en,It's going to take at least three generations for other tribes to outshine Murimaa babes. Those demons are the most beautiful set of women we have in Kenya.
2078170590729433425,georgediano,hate,0.2716180086135864,0.6749550700187683,True,kenya,1251,en,"98% of Nigerians in Kenyans are swindlers, Rapists & online fraudsters. Their passports expired long time ago, they are in Kenya illegally. We shouldn't tolerate this bastards anywhere in our country. The government needs to take action or else we will start dealing with them namna hatari."
2073601881922851316,LabanMbunya,neither,0.32086700201034546,0.3246031403541565,True,kenya,1149,en,"Alfred Keter told Ruto,“If you ever become president,you’ll leave Kenyans hating the Kalenjin and lumping every one of them together with your thieving image.”The man saw the mess before it even happened.... https://t.co/HNyxlqZimO"
2075522934290948408,AokoOtieno_,hate,0.19033558666706085,0.7683115601539612,True,kenya,1132,en,"Murkomen. Cheruiyot and Maandago are all at war with each other

Uskie Farouq is collecting sadaka from all coz anajua after Ruto, he just has to retire with Linda Ogutu as trophy wife 

Hapa mbele mtajua siasa kweli sio ya kifua, ni ya magoti 

If I have to pick, I would go for… FUCK THEM ALL 

After Ruto we block any other Kalenjin by all means necessary! 

Meanwhile, Gava has spent 10B on by-ELECTION. 

2027, first election without Raila in over 30 years, will be historical"
2078857918275809732,JimmyKings8,hate,0.10529068857431412,0.7817577719688416,True,kenya,726,en,"BREAKING NEWS

ITUMBI has directed police to deal mercilessly with Kikuyus who were

Caught protecting DCP votes

When did protecting votes become a crime?

Instead of helping Ruto

Ruto's slaves from Murima like ITUMBI are making more damage

By August 2027 Ruto will be TAKATAKA"
2078866099903291900,Lightcasttvke,hate,0.26092803478240967,0.62586909532547,True,kenya,561,tl,"""WAKIKUYU ni bure kabisa, that is a negative investment."" ~ Fernandes Barasa to Ruto https://t.co/zyeMO9lRET"
2075315988665352659,gpdkaluma,offensive,0.37668541073799133,0.32275277376174927,True,kenya,557,en,Luyhas are waking up to the reality that Sifuna is a Kikuyu/Gachagua puppet to return power to Mt. Kenya and continue Kikuyu ethnic domination! https://t.co/sJNUzhXyqs
2076374931735007414,HakeemNassur,hate,0.1795862764120102,0.7633082866668701,True,kenya,477,en,@HonOscarSudi Kalenjin presidency is always a curse to the nation NEVER AGAIN Kasongo should be the last
2076080992255676432,lizlisz1,hate,0.11331991106271744,0.7790416479110718,True,kenya,466,en,"RT @AokoOtieno_: Murkomen. Cheruiyot and Maandago are all at war with each other

Uskie Farouq is collecting sadaka from all coz anajua after Ruto, he just has to retire with Linda Ogutu as trophy wife 

Hapa mbele mtajua siasa kweli sio ya kifua, ni ya magoti 

If I have to pick, I would go for… FUCK THEM ALL 

After Ruto we block any other Kalenjin by all means necessary! 

Meanwhile, Gava has spent 10B on by-ELECTION. 

2027, first election without Raila in over 30 years, will be historical"
2076091748049141958,BOYZWAEASTLAND,hate,0.11331991106271744,0.7790416479110718,True,kenya,466,en,"RT @AokoOtieno_: Murkomen. Cheruiyot and Maandago are all at war with each other

Uskie Farouq is collecting sadaka from all coz anajua after Ruto, he just has to retire with Linda Ogutu as trophy wife 

Hapa mbele mtajua siasa kweli sio ya kifua, ni ya magoti 

If I have to pick, I would go for… FUCK THEM ALL 

After Ruto we block any other Kalenjin by all means necessary! 

Meanwhile, Gava has spent 10B on by-ELECTION. 

2027, first election without Raila in over 30 years, will be historical"
2076092931752988677,GitariDan,hate,0.11331991106271744,0.7790416479110718,True,kenya,466,en,"RT @AokoOtieno_: Murkomen. Cheruiyot and Maandago are all at war with each other

Uskie Farouq is collecting sadaka from all coz anajua after Ruto, he just has to retire with Linda Ogutu as trophy wife 

Hapa mbele mtajua siasa kweli sio ya kifua, ni ya magoti 

If I have to pick, I would go for… FUCK THEM ALL 

After Ruto we block any other Kalenjin by all means necessary! 

Meanwhile, Gava has spent 10B on by-ELECTION. 

2027, first election without Raila in over 30 years, will be historical"
2076259547795071451,welstec,hate,0.11331991106271744,0.7790416479110718,True,kenya,465,en,"RT @AokoOtieno_: Murkomen. Cheruiyot and Maandago are all at war with each other

Uskie Farouq is collecting sadaka from all coz anajua after Ruto, he just has to retire with Linda Ogutu as trophy wife 

Hapa mbele mtajua siasa kweli sio ya kifua, ni ya magoti 

If I have to pick, I would go for… FUCK THEM ALL 

After Ruto we block any other Kalenjin by all means necessary! 

Meanwhile, Gava has spent 10B on by-ELECTION. 

2027, first election without Raila in over 30 years, will be historical"
2075706258015793460,kelvinngari62,hate,0.11331991106271744,0.7790416479110718,True,kenya,426,en,"RT @AokoOtieno_: Murkomen. Cheruiyot and Maandago are all at war with each other

Uskie Farouq is collecting sadaka from all coz anajua after Ruto, he just has to retire with Linda Ogutu as trophy wife 

Hapa mbele mtajua siasa kweli sio ya kifua, ni ya magoti 

If I have to pick, I would go for… FUCK THEM ALL 

After Ruto we block any other Kalenjin by all means necessary! 

Meanwhile, Gava has spent 10B on by-ELECTION. 

2027, first election without Raila in over 30 years, will be historical"
2076037906402005410,lishburgtoo,hate,0.11331991106271744,0.7790416479110718,True,kenya,426,en,"RT @AokoOtieno_: Murkomen. Cheruiyot and Maandago are all at war with each other

Uskie Farouq is collecting sadaka from all coz anajua after Ruto, he just has to retire with Linda Ogutu as trophy wife 

Hapa mbele mtajua siasa kweli sio ya kifua, ni ya magoti 

If I have to pick, I would go for… FUCK THEM ALL 

After Ruto we block any other Kalenjin by all means necessary! 

Meanwhile, Gava has spent 10B on by-ELECTION. 

2027, first election without Raila in over 30 years, will be historical"
2075719578169081957,ahmadnasir254,hate,0.11331991106271744,0.7790416479110718,True,kenya,426,en,"RT @AokoOtieno_: Murkomen. Cheruiyot and Maandago are all at war with each other

Uskie Farouq is collecting sadaka from all coz anajua after Ruto, he just has to retire with Linda Ogutu as trophy wife 

Hapa mbele mtajua siasa kweli sio ya kifua, ni ya magoti 

If I have to pick, I would go for… FUCK THEM ALL 

After Ruto we block any other Kalenjin by all means necessary! 

Meanwhile, Gava has spent 10B on by-ELECTION. 

2027, first election without Raila in over 30 years, will be historical"
2076044854719594946,BabuKinstone,hate,0.11331991106271744,0.7790416479110718,True,kenya,426,en,"RT @AokoOtieno_: Murkomen. Cheruiyot and Maandago are all at war with each other

Uskie Farouq is collecting sadaka from all coz anajua after Ruto, he just has to retire with Linda Ogutu as trophy wife 

Hapa mbele mtajua siasa kweli sio ya kifua, ni ya magoti 

If I have to pick, I would go for… FUCK THEM ALL 

After Ruto we block any other Kalenjin by all means necessary! 

Meanwhile, Gava has spent 10B on by-ELECTION. 

2027, first election without Raila in over 30 years, will be historical"
2076045699482087905,Husmo,hate,0.11331991106271744,0.7790416479110718,True,kenya,426,en,"RT @AokoOtieno_: Murkomen. Cheruiyot and Maandago are all at war with each other

Uskie Farouq is collecting sadaka from all coz anajua after Ruto, he just has to retire with Linda Ogutu as trophy wife 

Hapa mbele mtajua siasa kweli sio ya kifua, ni ya magoti 

If I have to pick, I would go for… FUCK THEM ALL 

After Ruto we block any other Kalenjin by all means necessary! 

Meanwhile, Gava has spent 10B on by-ELECTION. 

2027, first election without Raila in over 30 years, will be historical"
2075727541898293701,kayadolf,hate,0.11331991106271744,0.7790416479110718,True,kenya,426,en,"RT @AokoOtieno_: Murkomen. Cheruiyot and Maandago are all at war with each other

Uskie Farouq is collecting sadaka from all coz anajua after Ruto, he just has to retire with Linda Ogutu as trophy wife 

Hapa mbele mtajua siasa kweli sio ya kifua, ni ya magoti 

If I have to pick, I would go for… FUCK THEM ALL 

After Ruto we block any other Kalenjin by all means necessary! 

Meanwhile, Gava has spent 10B on by-ELECTION. 

2027, first election without Raila in over 30 years, will be historical"
2075725698891719069,chrishotiiz,hate,0.11331991106271744,0.7790416479110718,True,kenya,426,en,"RT @AokoOtieno_: Murkomen. Cheruiyot and Maandago are all at war with each other

Uskie Farouq is collecting sadaka from all coz anajua after Ruto, he just has to retire with Linda Ogutu as trophy wife 

Hapa mbele mtajua siasa kweli sio ya kifua, ni ya magoti 

If I have to pick, I would go for… FUCK THEM ALL 

After Ruto we block any other Kalenjin by all means necessary! 

Meanwhile, Gava has spent 10B on by-ELECTION. 

2027, first election without Raila in over 30 years, will be historical"
2075709249208848710,MkpMkpjfy,hate,0.11331991106271744,0.7790416479110718,True,kenya,426,en,"RT @AokoOtieno_: Murkomen. Cheruiyot and Maandago are all at war with each other

Uskie Farouq is collecting sadaka from all coz anajua after Ruto, he just has to retire with Linda Ogutu as trophy wife 

Hapa mbele mtajua siasa kweli sio ya kifua, ni ya magoti 

If I have to pick, I would go for… FUCK THEM ALL 

After Ruto we block any other Kalenjin by all means necessary! 

Meanwhile, Gava has spent 10B on by-ELECTION. 

2027, first election without Raila in over 30 years, will be historical"
